model,mean_test_R2,median_test_R2
XGB,0.9037014190901032,0.9491166062072455
RF,0.8120584873094155,0.8583638565501415
DT,0.7063633163355375,0.7802966972066256
