pair,spearman_mean,spearman_median,jaccard_mean
RF vs DT,0.49939507522624577,0.5016265529264412,0.6145400171487128
RF vs XGB,0.587166432646121,0.5897865700191282,0.7053656074774088
DT vs XGB,0.289617575380672,0.26862745098039215,0.59646659758461
